"state","county","pop"
1,1,56309
1,3,180725
1,5,27453
1,7,21945
1,9,58236
1,11,9683
1,13,23080
1,15,128353
1,17,39392
1,19,25699
1,21,44913
1,23,15227
1,25,30256
1,27,16467
1,29,14929
1,31,48318
1,33,61355
1,35,14566
1,37,11683
1,39,39082
1,41,15079
1,43,87010
1,45,49463
1,47,48154
1,49,72791
1,51,82138
1,53,38356
1,55,112077
1,57,18529
1,59,33329
1,61,26505
1,63,9911
1,65,19047
1,67,18461
1,69,106940
1,71,58205
1,73,724515
1,75,16319
1,77,97278
1,79,38098
1,81,124085
1,83,80983
1,85,14681
1,87,22414
1,89,359415
1,91,23953
1,93,30460
1,95,96406
1,97,440968
1,99,25151
1,101,247977
1,103,130972
1,105,11732
1,107,22558
1,109,28714
1,111,23576
1,113,52154
1,115,82143
1,117,198940
1,119,14269
1,121,85735
1,123,44774
1,125,185417
1,127,69970
1,129,18520
1,131,13904
1,133,25318
2,13,1713
2,16,4277
2,20,303939
2,50,17016
2,60,-2
2,68,2260
2,70,4785
2,90,100257
2,100,2648
2,105,2138
2,110,33469
2,122,57686
2,130,14787
2,150,14967
2,164,1512
2,170,83856
2,180,8847
2,185,6610
2,188,6682
2,201,4888
2,220,9431
2,230,1175
2,240,7657
2,261,10620
2,270,7237
2,280,6474
2,282,531
2,290,5719
4,1,63974
4,3,127679
4,5,128344
4,7,53486
4,9,28824
4,11,8060
4,12,15254
4,13,3959276
4,15,190734
4,17,100098
4,19,999670
4,21,242023
4,23,51967
4,25,217390
4,27,207742
5,1,20929
5,3,23999
5,5,44160
5,7,220794
5,9,38710
5,11,11628
5,13,5428
5,15,27330
5,17,11687
5,19,21558
5,21,17227
5,23,26003
5,25,9503
5,27,24442
5,29,21831
5,31,92260
5,33,62478
5,35,54511
5,37,19354
5,39,8408
5,41,13987
5,43,18407
5,45,105930
5,47,18148
5,49,11298
5,51,100162
5,53,19273
5,55,42524
5,57,22741
5,59,32555
5,61,14745
5,63,37829
5,65,12610
5,67,16308
5,69,80860
5,71,25234
5,73,7495
5,75,17244
5,77,8563
5,79,11419
5,81,13587
5,83,23726
5,85,68713
5,87,16012
5,89,16528
5,91,41891
5,93,49466
5,95,8791
5,97,8693
5,99,9440
5,101,8394
5,103,27331
5,105,10457
5,107,22158
5,109,11376
5,111,25004
5,113,19962
5,115,60133
5,117,8656
5,119,409699
5,121,18417
5,123,24837
5,125,107032
5,127,11529
5,129,7530
5,131,129588
5,133,15938
5,135,17624
5,137,11880
5,139,47388
5,141,16264
5,143,192335
5,145,74532
5,147,7702
5,149,21264
6,1,1592306
6,3,1017
6,5,38601
6,7,211024
6,9,46911
6,11,25859
6,13,1121291
6,15,23593
6,17,192856
6,19,922508
6,21,30126
6,23,127664
6,25,200094
6,27,19965
6,29,800231
6,31,134021
6,33,59215
6,35,25792
6,37,10304247
6,39,135770
6,41,244567
6,43,18213
6,45,90142
6,47,251937
6,49,8651
6,51,12422
6,53,442317
6,55,147510
6,57,105393
6,59,3272772
6,61,361865
6,63,21982
6,65,2135566
6,67,1503934
6,69,61188
6,71,2090451
6,73,3324495
6,75,828893
6,77,708720
6,79,267255
6,81,780146
6,83,423054
6,85,1969857
6,87,274699
6,89,182378
6,91,3222
6,93,45488
6,95,450094
6,97,522866
6,99,544280
6,101,97245
6,103,61323
6,105,11230
6,107,429209
6,109,57710
6,111,915570
6,113,190572
6,115,66673
8,1,449841
8,3,14768
8,5,586653
8,7,11905
8,9,4100
8,11,4364
8,13,298718
8,14,96356
8,15,17384
8,17,2083
8,19,9284
8,21,8211
8,23,3032
8,25,2952
8,27,3952
8,29,31599
8,31,566179
8,33,2076
8,35,291288
8,37,48252
8,39,22377
8,41,644254
8,43,42132
8,45,52129
8,47,5031
8,49,13680
8,51,13795
8,53,768
8,55,6537
8,57,1463
8,59,547004
8,61,1552
8,63,8318
8,65,6776
8,67,48526
8,69,308090
8,71,15753
8,73,4949
8,75,20782
8,77,151542
8,79,866
8,81,14685
8,83,25225
8,85,42680
8,87,30125
8,89,19984
8,91,4283
8,93,14880
8,95,4732
8,97,14265
8,99,13140
8,101,166041
8,103,6382
8,105,15136
8,107,22036
8,109,3480
8,111,589
8,113,6362
8,115,2519
8,117,27546
8,119,24578
8,121,4805
8,123,251890
8,125,10287
9,1,980727
9,3,1052501
9,5,228187
9,7,194573
9,9,978191
9,11,319442
9,13,163718
9,15,135141
10,1,174955
10,3,616351
10,5,208747
11,1,558463
12,1,225344
12,3,26269
12,5,179975
12,7,24630
12,9,612389
12,11,1870496
12,13,11801
12,15,164883
12,17,149720
12,19,209461
12,21,332656
12,23,63332
12,27,28029
12,29,12785
12,31,954981
12,33,315249
12,35,98065
12,37,9713
12,39,49782
12,41,14579
12,43,8994
12,45,12907
12,47,11867
12,49,24212
12,51,35955
12,53,178665
12,55,97003
12,57,1275341
12,59,17968
12,61,146795
12,63,46877
12,65,13909
12,67,5522
12,69,316404
12,71,629049
12,73,254824
12,75,39314
12,77,6401
12,79,18201
12,81,332670
12,83,346741
12,85,147465
12,86,2610409
12,87,77124
12,89,79081
12,91,205836
12,93,36554
12,95,1176673
12,97,271396
12,99,1359892
12,101,469694
12,103,992898
12,105,622844
12,107,74072
12,109,187607
12,111,286672
12,113,152457
12,115,401981
12,117,444846
12,119,79835
12,121,39421
12,123,20791
12,125,10876
12,127,532446
12,129,28121
12,131,48025
12,133,22133
13,1,18206
13,3,8295
13,5,10423
13,7,3309
13,9,42880
13,11,17625
13,13,67749
13,15,105023
13,17,18344
13,19,17276
13,21,162599
13,23,12550
13,25,16349
13,27,16174
13,29,31970
13,31,54090
13,33,25269
13,35,23051
13,37,5657
13,39,50532
13,43,9885
13,45,111074
13,47,64786
13,49,9495
13,51,254946
13,53,7994
13,55,26513
13,57,216581
13,59,92286
13,61,3266
13,63,270443
13,65,6766
13,67,732559
13,69,39583
13,71,43239
13,73,125443
13,75,16389
13,77,128060
13,79,13003
13,81,22124
13,83,16033
13,85,21134
13,87,28784
13,89,677078
13,91,19151
13,93,10745
13,95,95756
13,97,129138
13,99,12344
13,101,2973
13,103,53737
13,105,22797
13,107,23426
13,109,11152
13,111,23175
13,113,117420
13,115,99012
13,117,161379
13,119,24046
13,121,828528
13,123,27890
13,125,2875
13,127,79049
13,129,60514
13,131,24569
13,133,16433
13,135,825580
13,137,43197
13,139,190521
13,141,9075
13,143,28980
13,145,32325
13,147,25984
13,149,10715
13,151,205929
13,153,149392
13,155,9354
13,157,61224
13,159,14470
13,161,14110
13,163,19639
13,165,8391
13,167,8477
13,169,30192
13,171,17123
13,173,7397
13,175,53392
13,177,30587
13,179,61141
13,181,8620
13,183,8729
13,185,98462
13,187,25615
13,189,24269
13,191,11486
13,193,12982
13,195,29015
13,197,7147
13,199,23725
13,201,5820
13,205,22901
13,207,26237
13,209,8271
13,211,19392
13,213,42242
13,215,198277
13,217,99634
13,219,33812
13,221,14261
13,223,138116
13,225,26261
13,227,31371
13,229,18364
13,231,18352
13,233,42934
13,235,9639
13,237,21888
13,239,2344
13,241,16950
13,243,7772
13,245,203073
13,247,83505
13,249,4757
13,251,15147
13,253,9152
13,255,66206
13,257,28323
13,259,4780
13,261,31806
13,263,7286
13,265,1728
13,267,19408
13,269,9077
13,271,11032
13,273,10740
13,275,47198
13,277,41424
13,279,27451
13,281,10599
13,283,5290
13,285,69505
13,287,9834
13,289,10194
13,291,21454
13,293,29685
13,295,68723
13,297,84533
13,299,35151
13,301,6555
13,303,22293
13,305,28224
13,307,2501
13,309,4815
13,311,25115
13,313,118352
13,315,7345
13,317,10996
13,319,11253
13,321,23139
15,1,186292
15,3,1065843
15,5,-2
15,7,73362
15,9,163257
16,1,412355
16,3,4143
16,5,84443
16,7,6850
16,9,10100
16,11,49247
16,13,24531
16,15,7186
16,17,42334
16,19,109897
16,21,11550
16,23,3109
16,25,1048
16,27,190018
16,29,7904
16,31,23258
16,33,1035
16,35,8822
16,37,4398
16,39,28507
16,41,14169
16,43,14022
16,45,18053
16,47,15921
16,49,14849
16,51,26262
16,53,22167
16,55,147901
16,57,33825
16,59,8158
16,61,4854
16,63,5215
16,65,27143
16,67,22213
16,69,42768
16,71,4598
16,73,11518
16,75,24190
16,77,8526
16,79,13092
16,81,9047
16,83,80665
16,85,10377
16,87,10355
17,1,82275
17,3,8081
17,5,19019
17,7,66827
17,9,5998
17,11,43906
17,13,6219
17,15,20215
17,17,15876
17,19,195106
17,21,41699
17,23,20194
17,25,17352
17,27,44858
17,29,52565
17,31,5953531
17,33,23008
17,35,13304
17,37,108462
17,39,19826
17,41,25698
17,43,1102707
17,45,22284
17,47,8231
17,49,43797
17,51,24684
17,53,17053
17,55,44478
17,57,43016
17,59,6629
17,61,16272
17,63,61249
17,65,9743
17,67,23733
17,69,4521
17,71,8994
17,73,62910
17,75,37500
17,77,52964
17,79,12618
17,81,43685
17,83,27105
17,85,28655
17,87,12691
17,89,581619
17,91,129949
17,93,126396
17,95,59393
17,97,813347
17,99,140913
17,101,17221
17,103,42537
17,105,45881
17,107,32929
17,109,30305
17,111,381190
17,113,184669
17,115,131421
17,117,57463
17,119,320130
17,121,47150
17,123,15884
17,125,17881
17,127,17875
17,129,15630
17,131,21337
17,133,41427
17,135,34535
17,137,40278
17,139,17699
17,141,66856
17,143,218492
17,145,23845
17,147,20169
17,149,18897
17,151,4360
17,153,6922
17,155,7614
17,157,36879
17,159,19294
17,161,177825
17,163,306373
17,165,27827
17,167,239027
17,169,8600
17,171,6254
17,173,26401
17,175,7479
17,177,59402
17,179,164510
17,181,20411
17,183,93622
17,185,14534
17,187,19959
17,189,18596
17,191,19758
17,193,17719
17,195,74938
17,197,800097
17,199,72667
17,201,358364
17,203,46366
18,1,42751
18,3,424882
18,5,93077
18,7,10604
18,9,16169
18,11,63566
18,13,18468
18,15,24709
18,17,47668
18,19,125308
18,21,32376
18,23,41632
18,25,12327
18,27,35614
18,29,61608
18,31,32224
18,33,51927
18,35,121553
18,37,54387
18,39,241529
18,41,28783
18,43,86288
18,45,21780
18,47,30267
18,49,25468
18,51,40145
18,53,78796
18,55,38383
18,57,296780
18,59,82276
18,61,46046
18,63,161251
18,65,58016
18,67,103469
18,69,47234
18,71,53604
18,73,40035
18,75,26503
18,77,37557
18,79,33510
18,81,159546
18,83,42441
18,85,96191
18,87,45635
18,89,573498
18,91,129881
18,93,54761
18,95,152043
18,97,1028363
18,99,56908
18,101,12511
18,103,40554
18,105,116174
18,107,46050
18,109,83223
18,111,16712
18,113,56110
18,115,7335
18,117,22593
18,119,24489
18,121,17812
18,123,21390
18,125,15669
18,127,190782
18,129,32071
18,131,16049
18,133,40176
18,135,31722
18,137,32888
18,139,21051
18,141,311767
18,143,26736
18,145,53664
18,147,25873
18,149,27286
18,151,39555
18,153,23532
18,155,9679
18,157,164395
18,159,19933
18,161,8388
18,163,202187
18,165,19941
18,167,114236
18,169,40634
18,171,10504
18,173,69450
18,175,32961
18,177,82447
18,179,33212
18,181,30634
18,183,41588
19,1,9349
19,3,5117
19,5,17303
19,7,14621
19,9,7563
19,11,31563
19,13,141930
19,15,31601
19,17,27901
19,19,25251
19,21,23204
19,23,18664
19,25,12077
19,27,26292
19,29,16669
19,31,22529
19,33,52653
19,35,14802
19,37,15603
19,39,10808
19,41,21044
19,43,22602
19,45,59848
19,47,20004
19,49,68264
19,51,10004
19,53,8529
19,55,22091
19,57,48193
19,59,20497
19,61,112436
19,63,12090
19,65,23570
19,67,19361
19,69,12407
19,71,8833
19,73,11445
19,75,15230
19,77,13280
19,79,18964
19,81,14190
19,83,20445
19,85,17915
19,87,22851
19,89,12026
19,91,12140
19,93,8834
19,95,20496
19,97,24770
19,99,43587
19,101,17218
19,103,127257
19,105,23762
19,107,12644
19,109,19936
19,111,41434
19,113,246525
19,115,13828
19,117,10431
19,119,14301
19,121,18093
19,123,25461
19,125,39311
19,127,46838
19,129,17124
19,131,12926
19,133,11068
19,135,8876
19,137,12799
19,139,52034
19,141,17519
19,143,7961
19,145,17577
19,147,11369
19,149,30931
19,151,9235
19,153,488978
19,155,105081
19,157,21378
19,159,5737
19,161,12864
19,163,191230
19,165,15155
19,167,38667
19,169,81815
19,171,21968
19,173,7393
19,175,14194
19,177,8850
19,179,40389
19,181,52964
19,183,26030
19,185,7344
19,187,42942
19,189,13425
19,191,23743
19,193,116847
19,195,9358
19,197,15578
20,1,15446
20,3,9747
20,5,18940
20,7,5609
20,9,31764
20,11,16930
20,13,12035
20,15,70453
20,17,3183
20,19,3985
20,21,23665
20,23,3367
20,25,2409
20,27,10423
20,29,10793
20,31,10321
20,33,2085
20,35,39624
20,37,40143
20,39,3599
20,41,23314
20,43,8882
20,45,102977
20,47,3554
20,49,3295
20,51,30793
20,53,6935
20,55,42683
20,57,36879
20,59,29756
20,61,34065
20,63,3406
20,65,3265
20,67,8892
20,69,6850
20,71,1581
20,73,7571
20,75,2881
20,77,6950
20,79,39456
20,81,4699
20,83,2360
20,85,15971
20,87,22133
20,89,4129
20,91,615494
20,93,4666
20,95,9417
20,97,2566
20,99,25520
20,101,2113
20,103,75902
20,105,3990
20,107,10670
20,109,3365
20,111,38670
20,113,35120
20,115,14572
20,117,13305
20,119,5154
20,121,36247
20,123,7464
20,125,39252
20,127,6902
20,129,3764
20,131,13148
20,133,19172
20,135,3801
20,137,6203
20,139,19500
20,141,4823
20,143,7500
20,145,7372
20,147,7018
20,149,24074
20,151,10677
20,153,3035
20,155,73127
20,157,6320
20,159,11088
20,161,51220
20,163,6156
20,165,4050
20,167,7966
20,169,65428
20,171,5792
20,173,556342
20,175,25856
20,177,205466
20,179,3314
20,181,6569
20,183,5112
20,185,5016
20,187,2555
20,189,6380
20,191,28009
20,193,8652
20,195,3733
20,197,8232
20,199,1809
20,201,7510
20,203,2743
20,205,11070
20,207,3671
20,209,161644
21,1,17272
21,3,20001
21,5,25064
21,7,9241
21,9,45740
21,11,11887
21,13,25748
21,15,129945
21,17,21551
21,19,51950
21,21,29436
21,23,10218
21,25,13274
21,27,20851
21,29,85109
21,31,13935
21,33,14177
21,35,35268
21,37,98440
21,39,5734
21,41,12796
21,43,29389
21,45,15897
21,47,69560
21,49,39385
21,51,18434
21,53,9882
21,55,9574
21,57,6986
21,59,110638
21,61,12880
21,63,6066
21,65,15211
21,67,292406
21,69,16185
21,71,38423
21,73,56828
21,75,6523
21,77,6842
21,79,17381
21,81,28458
21,83,39812
21,85,27608
21,87,12201
21,89,41143
21,91,10133
21,93,109046
21,95,28492
21,97,20437
21,99,19019
21,101,52152
21,103,17330
21,105,5070
21,107,52042
21,109,12943
21,111,824956
21,113,47442
21,115,22804
21,117,176707
21,119,14777
21,121,29972
21,123,15220
21,125,57994
21,127,15372
21,129,6392
21,131,11116
21,133,23868
21,135,14044
21,137,26359
21,139,10459
21,141,29300
21,143,7824
21,145,73474
21,147,14858
21,149,10811
21,151,79576
21,153,11752
21,155,20177
21,157,35650
21,159,10177
21,161,18930
21,163,30636
21,165,6290
21,167,24525
21,169,10727
21,171,12035
21,173,27903
21,175,12319
21,177,34220
21,179,50637
21,181,7919
21,183,25637
21,185,61759
21,187,10920
21,189,3781
21,191,15634
21,193,29639
21,195,60549
21,197,13697
21,199,64791
21,201,2089
21,203,16908
21,205,20230
21,207,17847
21,209,48134
21,211,43637
21,213,19156
21,215,18187
21,217,24886
21,219,12928
21,221,15014
21,223,9826
21,225,16535
21,227,111018
21,229,12674
21,231,20000
21,233,14991
21,235,36095
21,237,6848
21,239,27829
22,1,64711
22,3,23145
22,5,109214
22,7,25792
22,9,44158
22,11,34231
22,13,14963
22,15,117473
22,17,271817
22,19,202003
22,21,10165
22,23,7508
22,25,10637
22,27,15396
22,29,20040
22,31,29366
22,33,444133
22,35,7478
22,37,20831
22,39,34969
22,41,21280
22,43,20007
22,45,83334
22,47,33827
22,49,16451
22,51,441066
22,53,33219
22,55,221609
22,57,100908
22,59,14207
22,61,38798
22,63,125160
22,65,11878
22,67,31189
22,69,37970
22,71,217222
22,73,160014
22,75,22208
22,77,24144
22,79,142992
22,81,9530
22,83,21190
22,85,24247
22,87,20160
22,89,58776
22,91,14200
22,93,27014
22,95,52477
22,97,92561
22,99,56534
22,101,61803
22,103,227520
22,105,113477
22,107,5407
22,109,125192
22,111,23185
22,113,61826
22,115,46710
22,117,43867
22,119,43155
22,121,25840
22,123,11898
22,125,10860
22,127,14261
23,1,121306
23,3,84150
23,5,323708
23,7,32589
23,9,61704
23,11,140981
23,13,45171
23,15,41262
23,17,63494
23,19,167146
23,21,18861
23,23,42007
23,25,55720
23,27,42988
23,29,36562
23,31,234532
24,1,76612
24,3,598553
24,5,918783
24,9,104521
24,11,36640
24,13,204304
24,15,112428
24,17,166859
24,19,37114
24,21,271922
24,23,34468
24,25,294138
24,27,311913
24,29,21715
24,31,1063260
24,33,950947
24,35,52847
24,37,116269
24,39,22375
24,41,41569
24,43,168388
24,45,102669
24,47,59837
24,510,585923
25,1,267783
25,3,152653
25,5,637689
25,7,19334
25,9,850233
25,11,83643
25,13,529260
25,15,162934
25,17,1676140
25,19,12086
25,21,754066
25,23,579733
25,25,679313
25,27,929016
26,1,12981
26,3,10714
26,5,136022
26,7,36816
26,9,28267
26,11,19370
26,13,9294
26,15,72613
26,17,136717
26,19,21189
26,21,184028
26,23,51211
26,25,151305
26,27,60222
26,29,31992
26,31,31886
26,33,39268
26,35,34189
26,37,87311
26,39,15750
26,41,46883
26,43,33056
26,45,129248
26,47,39233
26,49,509084
26,51,30168
26,53,17523
26,55,103175
26,57,45536
26,59,54190
26,61,37214
26,63,43569
26,65,287934
26,67,71114
26,69,31069
26,71,14288
26,73,61572
26,75,182858
26,77,274102
26,79,19412
26,81,713200
26,83,2433
26,85,11327
26,87,109546
26,89,26000
26,91,119968
26,93,220042
26,95,6710
26,97,13832
26,99,1034634
26,101,28825
26,103,73754
26,105,34457
26,107,41386
26,109,29195
26,111,100801
26,113,17099
26,115,188383
26,117,71552
26,119,11299
26,121,199860
26,123,57432
26,125,1415679
26,127,31347
26,129,24761
26,131,8207
26,133,26779
26,135,9947
26,137,29297
26,139,307398
26,141,17236
26,143,28056
26,145,237569
26,147,202730
26,149,74355
26,151,53398
26,153,9808
26,155,88280
26,157,70105
26,159,89424
26,161,354027
26,163,2058202
26,165,37884
27,1,17529
27,3,395794
27,5,38032
27,7,46737
27,9,44911
27,11,6492
27,13,65368
27,15,33184
27,17,39859
27,19,104914
27,21,33286
27,23,15920
27,25,64125
27,27,60947
27,29,10044
27,31,6427
27,33,14492
27,35,72802
27,37,481059
27,39,24025
27,41,44919
27,43,18987
27,45,26030
27,47,39197
27,49,57033
27,51,7742
27,53,1313214
27,55,24752
27,57,22910
27,59,44267
27,61,52325
27,63,13158
27,65,19576
27,67,50978
27,69,5693
27,71,15878
27,73,9381
27,75,12987
27,77,4952
27,79,34141
27,81,7361
27,83,30347
27,85,47521
27,87,6066
27,89,12180
27,91,26518
27,93,28862
27,95,30321
27,97,41354
27,99,47090
27,101,10910
27,103,36117
27,105,25104
27,107,8332
27,109,175770
27,111,69848
27,113,16559
27,115,31452
27,117,11841
27,119,36609
27,121,13813
27,123,556542
27,125,5052
27,127,19897
27,129,20409
27,131,69044
27,133,11948
27,135,20313
27,137,226099
27,139,150076
27,141,101319
27,143,19397
27,145,167932
27,147,46495
27,149,10537
27,151,12329
27,153,28969
27,155,4386
27,157,27960
27,159,16478
27,161,23657
27,163,280372
27,165,13656
27,167,8496
27,169,55577
27,171,144076
27,173,12810
28,1,32312
28,3,36648
28,5,13202
28,7,19763
28,9,8675
28,11,37006
28,13,16247
28,15,11144
28,17,20131
28,19,8732
28,21,10214
28,23,19583
28,25,21766
28,27,28660
28,29,31593
28,31,20923
28,33,169833
28,35,70505
28,37,9100
28,39,22266
28,41,12024
28,43,24716
28,45,36814
28,47,177382
28,49,263995
28,51,21234
28,53,10251
28,55,1098
28,57,25772
28,59,142463
28,61,19847
28,63,8337
28,65,13287
28,67,67447
28,69,8865
28,71,37423
28,73,48747
28,75,80564
28,77,14273
28,79,22293
28,81,88989
28,83,33301
28,85,37088
28,87,63159
28,89,94593
28,91,27725
28,93,38963
28,95,41660
28,97,12306
28,99,31660
28,101,24552
28,103,14197
28,105,38602
28,107,38108
28,109,53734
28,111,13033
28,113,42332
28,115,30979
28,117,25750
28,119,8288
28,121,142805
28,123,30085
28,125,5514
28,127,27262
28,129,16028
28,131,15765
28,133,28014
28,135,13826
28,137,29849
28,139,23853
28,141,19805
28,143,13068
28,145,29326
28,147,15690
28,149,56351
28,151,58007
28,153,22473
28,155,10768
28,157,9728
28,159,21218
28,161,14110
28,163,26283
29,1,23119
29,3,20674
29,5,7148
29,7,28244
29,9,38166
29,11,14614
29,13,19141
29,15,19905
29,17,13316
29,19,158574
29,21,96499
29,23,45382
29,25,10328
29,27,46390
29,29,44038
29,31,81670
29,33,11572
29,35,6606
29,37,112149
29,39,14984
29,41,9446
29,43,80175
29,45,8435
29,47,251029
29,49,24018
29,51,85393
29,53,18805
29,55,26887
29,57,8849
29,59,17680
29,61,9505
29,63,10768
29,65,16140
29,67,13685
29,69,32734
29,71,124371
29,73,18136
29,75,7705
29,77,291949
29,79,11377
29,81,10162
29,83,25378
29,85,9607
29,87,5982
29,89,10944
29,91,43570
29,93,11001
29,95,741455
29,97,122954
29,99,262078
29,101,51783
29,103,4667
29,105,39868
29,107,38465
29,109,41365
29,111,11259
29,113,59509
29,115,15268
29,117,16100
29,119,21675
29,121,18869
29,123,13555
29,125,9717
29,127,33055
29,129,4042
29,131,25828
29,133,13892
29,135,17162
29,137,10629
29,139,14394
29,141,22258
29,143,20057
29,145,61161
29,147,21903
29,149,10257
29,151,16113
29,153,9966
29,155,19134
29,157,22384
29,159,47190
29,161,43933
29,163,19202
29,165,95286
29,167,31159
29,169,41984
29,171,5987
29,173,11890
29,175,27384
29,177,27829
29,179,6840
29,181,14450
29,183,422714
29,185,9542
29,186,22302
29,187,66489
29,189,1194317
29,195,24983
29,197,4404
29,199,5492
29,201,45074
29,203,8543
29,205,7632
29,207,33630
29,209,32740
29,211,7488
29,213,48489
29,215,25172
29,217,22153
29,219,36560
29,221,23997
29,223,12519
29,225,39054
29,227,2617
29,229,19688
29,510,313491
30,1,9136
30,3,12729
30,5,7106
30,7,5131
30,9,10394
30,11,1369
30,13,92367
30,15,5367
30,17,12957
30,19,2253
30,21,10242
30,23,10035
30,25,3398
30,27,13249
30,29,100198
30,31,92162
30,33,1386
30,35,14106
30,37,1188
30,39,2983
30,41,18760
30,43,12237
30,45,2224
30,47,28417
30,49,70857
30,51,2153
30,53,20020
30,55,1929
30,57,7735
30,59,2370
30,61,4251
30,63,112505
30,65,4488
30,67,17757
30,69,421
30,71,4912
30,73,6835
30,75,1750
30,77,6244
30,79,1328
30,81,43294
30,83,11485
30,85,10633
30,87,10409
30,89,11363
30,91,4395
30,93,37040
30,95,9862
30,97,4032
30,99,7576
30,101,5324
30,103,937
30,105,8722
30,107,2310
30,109,1051
30,111,165635
31,1,35382
31,3,8128
31,5,551
31,7,697
31,9,497
31,11,7057
31,13,14187
31,15,2521
31,17,3718
31,19,49896
31,21,8497
31,23,10643
31,25,30151
31,27,11231
31,29,4504
31,31,6588
31,33,11911
31,35,7772
31,37,11641
31,39,11447
31,41,13176
31,43,24195
31,45,8595
31,47,28788
31,49,2177
31,51,7285
31,53,43300
31,55,577750
31,57,2117
31,59,7410
31,61,3769
31,63,2977
31,65,5840
31,67,27088
31,69,2242
31,71,2107
31,73,2428
31,75,857
31,77,3038
31,79,64817
31,81,11546
31,83,3769
31,85,1145
31,87,3443
31,89,12727
31,91,959
31,93,7477
31,95,9234
31,97,5114
31,99,7623
31,101,9509
31,103,1082
31,105,4172
31,107,10491
31,109,315041
31,111,42764
31,113,897
31,115,719
31,117,625
31,119,41274
31,121,9021
31,123,5633
31,125,4181
31,127,7900
31,129,5706
31,131,19080
31,133,3112
31,135,3459
31,137,11053
31,139,8867
31,141,39379
31,143,6659
31,145,12732
31,147,10127
31,149,1531
31,151,16003
31,153,177434
31,155,24342
31,157,40934
31,159,18893
31,161,6310
31,163,3643
31,165,1260
31,167,7098
31,169,6537
31,171,793
31,173,7413
31,175,5003
31,177,23571
31,179,9403
31,181,4309
31,183,933
31,185,16231
32,1,27000
32,3,2045380
32,5,54047
32,7,52865
32,9,724
32,11,1543
32,13,18571
32,15,6193
32,17,4509
32,19,55616
32,21,5030
32,23,44681
32,27,5170
32,29,4569
32,31,457141
32,33,9471
32,510,60463
33,1,73781
33,3,56886
33,5,88880
33,7,40202
33,9,95319
33,11,482771
33,13,171210
33,15,362904
33,17,136228
33,19,50496
34,1,338405
34,3,1042349
34,5,541937
34,7,606690
34,9,115368
34,11,174116
34,13,837230
34,15,344956
34,17,667545
34,19,151671
34,21,404164
34,23,940518
34,25,737584
34,27,582372
34,29,674788
34,31,584257
34,33,80206
34,35,376163
34,37,181897
34,39,614337
34,41,131909
35,1,690162
35,3,3133
35,5,64988
35,6,24386
35,7,14276
35,9,48237
35,11,2253
35,13,206023
35,15,56664
35,17,32103
35,19,4564
35,21,734
35,23,5263
35,25,64740
35,27,20060
35,28,22490
35,29,27683
35,31,86788
35,33,5033
35,35,62732
35,37,9494
35,39,42728
35,41,18412
35,43,130793
35,45,145418
35,47,27213
35,49,146882
35,51,11230
35,53,17449
35,55,33514
35,57,14718
35,59,4198
35,61,75172
36,1,339933
36,3,50554
36,5,1355905
36,7,226727
36,9,90965
36,11,89400
36,13,150936
36,15,101011
36,17,60753
36,19,92799
36,21,70884
36,23,52199
36,25,48612
36,27,331089
36,29,1072944
36,31,42455
36,33,52408
36,35,64928
36,37,71627
36,39,52597
36,41,5909
36,43,74211
36,45,120965
36,47,2465173
36,49,28294
36,51,71330
36,53,76532
36,55,868263
36,57,59058
36,59,1581585
36,61,1551289
36,63,258146
36,65,265072
36,67,534027
36,69,125147
36,71,422727
36,73,48174
36,75,138859
36,77,67414
36,79,114550
36,81,2384921
36,83,181896
36,85,519518
36,87,342893
36,89,116043
36,91,259511
36,93,178900
36,95,35328
36,97,21566
36,99,38505
36,101,113326
36,103,1794338
36,105,82787
36,107,61803
36,109,91292
36,111,201833
36,113,78483
36,115,69272
36,117,114274
36,119,1031082
36,121,47270
36,123,28835
37,1,162666
37,3,40851
37,5,11802
37,7,26347
37,9,28392
37,11,16992
37,13,51261
37,15,22319
37,17,32741
37,19,102502
37,21,248115
37,23,97994
37,25,189122
37,27,90965
37,29,10579
37,31,68944
37,33,24588
37,35,178212
37,37,66080
37,39,27061
37,41,15872
37,43,10168
37,45,107808
37,47,55895
37,49,107867
37,51,316992
37,53,24463
37,55,37192
37,57,182573
37,59,45583
37,61,53674
37,63,266645
37,65,60503
37,67,379134
37,69,57790
37,71,224221
37,73,12216
37,75,8729
37,77,57135
37,79,18840
37,81,514223
37,83,58275
37,85,104101
37,87,63186
37,89,112946
37,91,21432
37,93,40457
37,95,4853
37,97,173839
37,99,31835
37,101,169322
37,103,10885
37,105,60768
37,107,64105
37,109,83114
37,111,47536
37,113,35822
37,115,20440
37,117,26904
37,119,936979
37,121,16567
37,123,28307
37,125,93289
37,127,106664
37,129,190477
37,131,22260
37,133,161506
37,135,120011
37,137,13333
37,139,41342
37,141,48880
37,143,13746
37,145,43076
37,147,152922
37,149,20514
37,151,158752
37,153,48571
37,155,126716
37,157,105794
37,159,152195
37,161,68430
37,163,65950
37,165,38190
37,167,67216
37,169,52015
37,171,80592
37,173,19121
37,175,32021
37,177,4080
37,179,206572
37,181,47889
37,183,920307
37,185,19418
37,187,14584
37,189,38516
37,191,123919
37,193,74884
37,195,86804
37,197,43007
37,199,18904
38,1,2818
38,3,12805
38,5,7142
38,7,945
38,9,7787
38,11,3822
38,13,2437
38,15,92987
38,17,162022
38,19,5161
38,21,6181
38,23,2504
38,25,3896
38,27,2835
38,29,4430
38,31,4242
38,33,1955
38,35,70884
38,37,2951
38,39,2979
38,41,2975
38,43,2975
38,45,5166
38,47,2371
38,49,6440
38,51,3496
38,53,5756
38,55,10639
38,57,10594
38,59,31693
38,61,8080
38,63,4044
38,65,2419
38,67,9750
38,69,5177
38,71,13493
38,73,6881
38,75,2881
38,77,19562
38,79,14625
38,81,5201
38,83,1763
38,85,3665
38,87,839
38,89,27489
38,91,2427
38,93,23951
38,95,2856
38,97,9518
38,99,13557
38,101,68726
38,103,5348
38,105,24893
39,1,30767
39,3,124236
39,5,61810
39,7,119377
39,9,52559
39,11,59285
39,13,79341
39,15,50702
39,17,408794
39,19,33534
39,21,47294
39,23,163088
39,25,227900
39,27,49943
39,29,124532
39,31,43177
39,33,55022
39,35,1487127
39,37,66150
39,39,48907
39,41,188812
39,43,94765
39,45,164643
39,47,32976
39,49,1297523
39,51,53966
39,53,32587
39,55,111010
39,57,174723
39,59,47370
39,61,915284
39,63,89116
39,65,34007
39,67,17844
39,69,36839
39,71,48720
39,73,32534
39,75,43962
39,77,75075
39,79,36223
39,81,80435
39,83,66602
39,85,286702
39,87,68616
39,89,193449
39,91,56697
39,93,355255
39,95,498304
39,97,44911
39,99,276561
39,101,72709
39,103,208506
39,105,24885
39,107,53706
39,109,124921
39,111,17205
39,113,623677
39,115,16006
39,117,38335
39,119,101100
39,121,13916
39,123,51549
39,125,24105
39,127,39659
39,129,58753
39,131,30731
39,133,175989
39,135,50587
39,137,45163
39,139,147989
39,141,83238
39,143,76550
39,145,78972
39,147,69061
39,149,61744
39,151,456377
39,153,634598
39,155,256811
39,157,115367
39,159,56393
39,161,37094
39,163,13999
39,165,236227
39,167,72618
39,169,138116
39,171,47802
39,173,138258
39,175,28133
40,1,22880
40,3,5158
40,5,14128
40,7,5619
40,9,20767
40,11,10565
40,13,35709
40,15,28281
40,17,114750
40,19,50160
40,21,41065
40,23,14334
40,25,3008
40,27,244404
40,29,5038
40,31,111222
40,33,6303
40,35,14487
40,37,72933
40,39,25468
40,41,37002
40,43,5073
40,45,4077
40,47,64287
40,49,28324
40,51,50135
40,53,4716
40,55,5076
40,57,2838
40,59,3895
40,61,12514
40,63,11797
40,65,27726
40,67,5753
40,69,10255
40,71,50258
40,73,16293
40,75,9458
40,77,11782
40,79,47511
40,81,33574
40,83,36229
40,85,9372
40,87,34829
40,89,32181
40,91,18483
40,93,8309
40,95,14326
40,97,42618
40,99,12639
40,101,72373
40,103,12373
40,105,11316
40,107,10665
40,109,707858
40,111,39449
40,113,44092
40,115,33632
40,117,16651
40,119,62445
40,121,44780
40,123,36687
40,125,69030
40,127,11026
40,129,3836
40,131,90487
40,133,23618
40,135,41813
40,137,46301
40,139,21496
40,141,7914
40,143,630934
40,145,70264
40,147,55864
40,149,11778
40,151,8138
40,153,21056
41,1,16865
41,3,80627
41,5,397339
41,7,36673
41,9,53539
41,11,64646
41,13,22256
41,15,23057
41,17,164564
41,19,112913
41,21,1938
41,23,7488
41,25,7553
41,27,24343
41,29,215129
41,31,22328
41,33,84793
41,35,69227
41,37,7687
41,39,361415
41,41,45650
41,43,121578
41,45,28571
41,47,328074
41,49,11722
41,51,741307
41,53,75220
41,55,1885
41,57,26596
41,59,77540
41,61,27414
41,63,8023
41,65,25125
41,67,562005
41,69,1316
41,71,99761
42,1,123747
42,3,1450500
42,5,85716
42,7,214179
42,9,62274
42,11,499493
42,13,153561
42,15,76324
42,17,779383
42,19,224449
42,21,173714
42,23,6688
42,25,78118
42,27,138135
42,29,582878
42,31,45691
42,33,95588
42,35,43376
42,37,73646
42,39,103248
42,41,280703
42,43,324906
42,45,647817
42,47,43417
42,49,323824
42,51,160505
42,53,5800
42,55,186527
42,57,18810
42,59,42144
42,61,51215
42,63,96275
42,65,56124
42,67,29137
42,69,248674
42,71,644031
42,73,109141
42,75,167076
42,77,415495
42,79,378813
42,81,138331
42,83,50407
42,85,139580
42,87,56427
42,89,184527
42,91,943238
42,93,21644
42,95,357329
42,97,110963
42,99,57484
42,101,1477147
42,103,64067
42,105,20578
42,107,177853
42,109,44668
42,111,93539
42,113,7342
42,115,51269
42,117,47778
42,119,42945
42,121,66971
42,123,50010
42,125,252527
42,127,57626
42,129,458665
42,131,34376
42,133,536670
44,1,57071
44,3,205448
44,5,93232
44,7,709192
44,9,146685
45,1,27351
45,3,168838
45,5,9948
45,7,200561
45,9,15277
45,11,23921
45,13,157679
45,15,168930
45,17,15470
45,19,337490
45,21,59238
45,23,37146
45,25,47782
45,27,34939
45,29,42063
45,31,74895
45,33,34254
45,35,135541
45,37,25642
45,39,25793
45,41,143834
45,43,67024
45,45,470514
45,47,74240
45,49,21607
45,51,272179
45,53,20257
45,55,66319
45,57,71301
45,59,70039
45,61,19250
45,63,272689
45,65,10231
45,67,36475
45,69,30047
45,71,40713
45,73,79582
45,75,95867
45,77,117890
45,79,363359
45,81,20156
45,83,304683
45,85,115324
45,87,31643
45,89,36526
45,91,237835
46,3,3343
46,5,19027
46,7,3149
46,9,7137
46,11,29802
46,13,43174
46,15,5729
46,17,1960
46,19,10805
46,21,1817
46,23,9572
46,25,3982
46,27,12053
46,29,32472
46,31,3560
46,33,8242
46,35,22338
46,37,6774
46,39,5502
46,41,6491
46,43,3739
46,45,4448
46,47,7666
46,49,2501
46,51,9581
46,53,5128
46,55,2502
46,57,6272
46,59,4177
46,61,5430
46,63,1508
46,65,20170
46,67,8729
46,69,1652
46,71,2761
46,73,2306
46,75,1223
46,77,6302
46,79,12977
46,81,25552
46,83,42327
46,85,4251
46,87,6726
46,89,2853
46,91,5031
46,93,29456
46,95,1918
46,97,2878
46,99,208355
46,101,7763
46,103,110614
46,105,3533
46,107,3002
46,109,11583
46,111,2900
46,113,11467
46,115,7397
46,117,3428
46,119,1755
46,121,8831
46,123,6931
46,125,9873
46,127,16855
46,129,6481
46,135,25118
46,137,1254
47,1,80729
47,3,49411
47,5,17675
47,7,11376
47,9,136323
47,11,103460
47,13,39272
47,15,14892
47,17,32618
47,19,58980
47,21,43939
47,23,16776
47,25,33342
47,27,8119
47,29,37892
47,31,58121
47,33,15949
47,35,61528
47,37,642706
47,39,12128
47,41,19698
47,43,53845
47,45,42719
47,47,42234
47,49,18127
47,51,44684
47,53,54896
47,55,32786
47,57,22629
47,59,75215
47,61,14969
47,63,67064
47,65,357980
47,67,5750
47,69,27928
47,71,27539
47,73,61485
47,75,22203
47,77,30404
47,79,35031
47,81,24377
47,83,8357
47,85,20628
47,87,12575
47,89,52093
47,91,17146
47,93,446403
47,95,5368
47,97,26291
47,99,44311
47,101,12075
47,103,37065
47,105,52605
47,107,55682
47,109,27172
47,111,23334
47,113,104828
47,115,31916
47,117,34204
47,119,88843
47,121,11782
47,123,46435
47,125,166845
47,127,6967
47,129,20973
47,131,36155
47,133,23370
47,135,7987
47,137,5454
47,139,17941
47,141,71169
47,143,32534
47,145,59263
47,147,73071
47,149,269054
47,151,22857
47,153,14410
47,155,92641
47,157,1040685
47,159,20964
47,161,14211
47,163,174306
47,165,171733
47,167,66432
47,169,8397
47,171,19146
47,173,19081
47,175,5805
47,177,43791
47,179,123991
47,181,15547
47,183,33865
47,185,27694
47,187,185622
47,189,121617
48,1,45964
48,3,15437
48,5,89072
48,7,22172
48,9,9168
48,11,2101
48,13,45565
48,15,29407
48,17,6989
48,19,19077
48,21,68210
48,23,3709
48,25,25179
48,27,293189
48,29,1739337
48,31,9591
48,33,-2
48,35,17409
48,37,94444
48,39,309334
48,41,143974
48,43,8669
48,45,1669
48,47,8109
48,49,37697
48,51,17702
48,53,42033
48,55,35047
48,57,21897
48,59,13842
48,61,402759
48,63,12989
48,65,6348
48,67,32393
48,69,7542
48,71,34708
48,73,49605
48,75,6030
48,77,11155
48,79,3435
48,81,3386
48,83,8420
48,85,744741
48,87,2998
48,89,22165
48,91,109431
48,93,13531
48,95,2544
48,97,40498
48,99,59729
48,101,1653
48,103,4665
48,105,4135
48,107,6314
48,109,2731
48,111,6790
48,113,2409497
48,115,12938
48,117,20734
48,119,4988
48,121,629656
48,123,19413
48,125,1989
48,127,9862
48,129,3407
48,131,11958
48,133,17915
48,135,144445
48,137,2083
48,139,152671
48,141,845003
48,143,31920
48,145,15382
48,147,31769
48,149,24722
48,151,3895
48,153,7206
48,155,1416
48,157,537554
48,159,11045
48,161,18389
48,163,14348
48,165,16664
48,167,301292
48,169,4393
48,171,24689
48,173,1320
48,175,7104
48,177,19782
48,179,22895
48,181,124396
48,183,130194
48,185,24170
48,187,127409
48,189,36769
48,191,3212
48,193,8503
48,195,5778
48,197,4240
48,199,55950
48,201,4057669
48,203,67241
48,205,3990
48,207,5552
48,209,128415
48,211,3815
48,213,74503
48,215,718398
48,217,34603
48,219,24254
48,221,49168
48,223,36163
48,225,20283
48,227,30418
48,229,3446
48,231,83250
48,233,24640
48,235,1646
48,237,7829
48,239,15510
48,241,35695
48,243,2214
48,245,255238
48,247,5343
48,249,43911
48,251,154279
48,253,15676
48,255,12631
48,257,103375
48,259,33630
48,261,384
48,263,792
48,265,49810
48,267,4587
48,269,-2
48,271,3229
48,273,30097
48,275,3795
48,277,52187
48,279,14769
48,281,19937
48,283,5714
48,285,21316
48,287,16927
48,289,17272
48,291,70624
48,293,21824
48,295,3228
48,297,9231
48,299,16552
48,301,-2
48,303,260339
48,305,6373
48,307,8325
48,309,230752
48,311,848
48,313,11046
48,315,9443
48,317,4608
48,319,3689
48,321,38394
48,323,62756
48,325,43621
48,327,2117
48,329,137411
48,331,25516
48,333,4748
48,335,7043
48,337,20263
48,339,412846
48,341,21896
48,343,14351
48,345,1130
48,347,56610
48,349,48694
48,351,11424
48,353,15775
48,355,341699
48,357,10538
48,359,2021
48,361,90949
48,363,27542
48,365,25001
48,367,110862
48,369,10820
48,371,13963
48,373,54111
48,375,115330
48,377,10701
48,379,9419
48,381,120730
48,383,3754
48,385,3122
48,387,13428
48,389,11503
48,391,8188
48,393,870
48,395,16572
48,397,74092
48,399,11308
48,401,48659
48,403,10310
48,405,8618
48,407,22689
48,409,73562
48,411,5448
48,413,3206
48,415,16350
48,417,3434
48,419,25168
48,421,2707
48,423,210236
48,425,7900
48,427,65310
48,429,8760
48,431,1122
48,433,1546
48,435,5096
48,437,7705
48,439,1852799
48,441,134940
48,443,876
48,445,11964
48,447,1574
48,449,31507
48,451,112569
48,453,925675
48,455,13448
48,457,18732
48,459,36944
48,461,3316
48,463,28800
48,465,52968
48,467,51032
48,469,94948
48,471,45621
48,473,34252
48,475,11260
48,477,33825
48,479,260667
48,481,45698
48,483,5492
48,485,129183
48,487,14049
48,489,19968
48,491,390667
48,493,42218
48,495,7379
48,497,57409
48,499,40678
48,501,8738
48,503,18829
48,505,13104
48,507,11542
49,1,6926
49,3,55854
49,5,110875
49,7,22195
49,9,858
49,11,325536
49,13,18103
49,15,11711
49,17,4992
49,19,9607
49,21,41676
49,23,10202
49,25,6565
49,27,13396
49,29,10084
49,31,1395
49,33,2203
49,35,1128970
49,37,9655
49,39,24372
49,41,22011
49,43,38457
49,45,60440
49,47,30222
49,49,486808
49,51,22332
49,53,132655
49,55,2720
49,57,248432
50,1,44173
50,3,44243
50,5,36831
50,7,180382
50,9,7329
50,11,58625
50,13,8881
50,15,29286
50,17,34838
50,19,33340
50,21,77127
50,23,72553
50,25,53175
50,27,70244
51,1,37572
51,3,96701
51,5,19447
51,7,15026
51,9,35699
51,11,16887
51,13,206993
51,15,84746
51,17,5875
51,19,77374
51,21,7096
51,23,39094
51,25,17493
51,27,23801
51,29,14623
51,31,61442
51,33,31898
51,35,32188
51,36,8350
51,37,13807
51,41,358253
51,43,15216
51,45,5643
51,47,49704
51,49,10333
51,51,15870
51,53,30275
51,57,12320
51,59,1165418
51,61,72006
51,63,16778
51,65,27353
51,67,60454
51,69,86783
51,71,19797
51,73,42974
51,75,22410
51,77,17599
51,79,20472
51,81,9435
51,83,39716
51,85,115304
51,87,338776
51,89,63736
51,91,2819
51,93,40504
51,95,71331
51,97,7198
51,99,25207
51,101,18854
51,103,13758
51,105,22288
51,107,327081
51,109,34988
51,111,11999
51,113,14771
51,115,10140
51,117,34460
51,119,11802
51,121,75508
51,125,16989
51,127,20059
51,131,14026
51,133,13943
51,135,15745
51,137,37244
51,139,27875
51,141,20182
51,143,71960
51,145,29652
51,147,17520
51,149,33419
51,153,420514
51,155,37752
51,157,8400
51,159,8537
51,161,106854
51,163,24473
51,165,88813
51,167,27826
51,169,24157
51,171,48294
51,173,37317
51,175,19065
51,177,135149
51,179,133561
51,181,7689
51,183,11342
51,185,45503
51,187,41948
51,191,57788
51,193,19148
51,195,40068
51,197,32642
51,199,72643
51,510,137636
51,515,6779
51,520,17017
51,530,6991
51,540,35634
51,550,240781
51,570,20035
51,580,7555
51,590,46501
51,595,6287
51,600,25318
51,610,11495
51,620,9510
51,630,18850
51,640,7988
51,650,144147
51,660,33148
51,670,24252
51,678,5408
51,680,66810
51,683,38594
51,685,13088
51,690,15432
51,700,188369
51,710,218467
51,720,4183
51,730,33679
51,735,14274
51,740,102797
51,750,10631
51,760,180690
51,770,101569
51,775,27407
51,790,25865
51,800,88885
51,810,482640
51,820,23883
51,830,8813
51,840,26401
53,1,19696
53,3,22275
53,5,178347
53,7,78593
53,9,77791
53,11,460118
53,13,4047
53,15,110326
53,17,37404
53,19,6409
53,21,74393
53,23,2223
53,25,90021
53,27,73035
53,29,85186
53,31,32064
53,33,2095597
53,35,270070
53,37,35602
53,39,20979
53,41,79530
53,43,11458
53,45,61404
53,47,42347
53,49,21901
53,51,13133
53,53,854473
53,55,16222
53,57,127441
53,59,10730
53,61,776203
53,63,506127
53,65,45402
53,67,269549
53,69,4203
53,71,58765
53,73,207450
53,75,34064
53,77,258329
54,1,16752
54,3,113948
54,5,25556
54,7,13679
54,9,27739
54,11,97558
54,13,7245
54,15,9570
54,17,5247
54,19,45922
54,21,6662
54,23,14071
54,25,37642
54,27,25597
54,29,37840
54,31,15685
54,33,79255
54,35,32253
54,37,57906
54,39,218899
54,41,19556
54,43,21836
54,45,37041
54,47,18231
54,49,62783
54,51,37265
54,53,27435
54,55,64306
54,57,32223
54,59,25684
54,61,82186
54,63,13747
54,65,19004
54,67,28150
54,69,51904
54,71,9016
54,73,8419
54,75,9508
54,77,34928
54,79,62515
54,81,81141
54,83,31642
54,85,12230
54,87,15732
54,89,11797
54,91,17520
54,93,8119
54,95,9789
54,97,24904
54,99,42224
54,101,9161
54,103,18654
54,105,5698
54,107,99199
54,109,22782
55,1,22240
55,3,19139
55,5,57627
55,7,18508
55,9,305341
55,11,17456
55,13,19432
55,15,59906
55,17,74532
55,19,41453
55,21,71209
55,23,19893
55,25,578264
55,27,107190
55,29,36217
55,31,50738
55,33,45486
55,35,109802
55,37,5712
55,39,127051
55,41,11069
55,43,58682
55,45,46539
55,47,24064
55,49,29339
55,51,7556
55,53,23317
55,55,98588
55,57,30263
55,59,192820
55,61,26161
55,63,128543
55,65,20953
55,67,25262
55,69,37391
55,71,106165
55,73,168105
55,75,51981
55,77,19079
55,78,4651
55,79,1072350
55,81,52838
55,83,47437
55,85,47618
55,87,219361
55,89,106941
55,91,9391
55,93,45788
55,95,54563
55,97,80690
55,99,18531
55,101,238780
55,103,20984
55,105,197958
55,107,17717
55,109,100026
55,111,77344
55,113,20719
55,115,50275
55,117,149136
55,119,24264
55,121,37405
55,123,34339
55,125,26687
55,127,117692
55,129,19913
55,131,166642
55,133,488259
55,135,63893
55,137,28439
55,139,194589
55,141,94178
56,1,30294
56,3,12082
56,5,47397
56,7,17003
56,9,15160
56,11,7506
56,13,42802
56,15,13094
56,17,5133
56,19,8731
56,21,101943
56,23,18889
56,25,82688
56,27,2642
56,29,32211
56,31,9802
56,33,32229
56,35,8631
56,37,48476
56,39,23152
56,41,23667
56,43,9522
56,45,7947
